"filename", "language", "PostCSS", "JavaScript JSX", "comment", "blank", "total"
"d:\My Portfolio\Portfolio\src\components\AppLayout.jsx", "JavaScript JSX", 0, -11, 0, -2, -13
"d:\My Portfolio\Portfolio\src\components\Navbar.jsx", "JavaScript JSX", 0, -43, -1, -7, -51
"d:\My Portfolio\Portfolio\src\styles\about.css", "PostCSS", 493, 0, 2, 126, 621
"d:\My Portfolio\Portfolio\src\styles\applayout.css", "PostCSS", 13, 0, 0, 3, 16
"d:\My Portfolio\Portfolio\src\styles\components\navbar.css", "PostCSS", 270, 0, 0, 62, 332
"d:\My Portfolio\Portfolio\src\styles\contacts.css", "PostCSS", 243, 0, 0, 61, 304
"d:\My Portfolio\Portfolio\src\styles\home.css", "PostCSS", 306, 0, 0, 77, 383
"d:\My Portfolio\Portfolio\src\styles\projects.css", "PostCSS", 268, 0, 0, 68, 336
"d:\My Portfolio\Portfolio\src\styles\resume.css", "PostCSS", 394, 0, 0, 86, 480
"d:\My Portfolio\Portfolio\src\styles\skills.css", "PostCSS", 257, 0, 0, 64, 321
"Total", "-", 2244, -54, 1, 538, 2729